{
  "num_steps": 200000.0,
  "episodes": 845.0,
  "mean_return": 0.09005963387573963,
  "success_rate": 0.2165680473372781
}