{
  "num_steps": 200000.0,
  "episodes": 837.0,
  "mean_return": 0.07932487679211468,
  "success_rate": 0.18996415770609318
}