{
  "num_steps": 200000.0,
  "episodes": 853.0,
  "mean_return": 0.09982689771395076,
  "success_rate": 0.2403282532239156
}